1|24|../../../Resources/Images/AccommodationImages/sixth.jpg
2|10|../../../Resources/Images/AccommodationImages/first.jpg
3|5|../../../Resources/Images/AccommodationImages/first.jpg
4|3|../../../Resources/Images/AccommodationImages/fifth.jpg
5|30|../../../Resources/Images/AccommodationImages/third.jpg
6|12|../../../Resources/Images/AccommodationImages/second.jpg
7|28|../../../Resources/Images/AccommodationImages/seventh.jpg
8|26|../../../Resources/Images/AccommodationImages/eight.jpg
9|15|../../../Resources/Images/AccommodationImages/fourth.jpg
10|11|../../../Resources/Images/AccommodationImages/third.jpg
11|29|../../../Resources/Images/AccommodationImages/fifth.jpg
12|1|../../../Resources/Images/AccommodationImages/second.jpg
13|14|../../../Resources/Images/AccommodationImages/second.jpg
14|25|../../../Resources/Images/AccommodationImages/first.jpg
15|19|../../../Resources/Images/AccommodationImages/eight.jpg
16|22|../../../Resources/Images/AccommodationImages/seventh.jpg
17|7|../../../Resources/Images/AccommodationImages/fourth.jpg
18|18|../../../Resources/Images/AccommodationImages/sixth.jpg
19|20|../../../Resources/Images/AccommodationImages/sixth.jpg
20|8|../../../Resources/Images/AccommodationImages/second.jpg
21|2|../../../Resources/Images/AccommodationImages/fifth.jpg
22|17|../../../Resources/Images/AccommodationImages/third.jpg
23|4|../../../Resources/Images/AccommodationImages/first.jpg
24|27|../../../Resources/Images/AccommodationImages/eight.jpg
25|13|../../../Resources/Images/AccommodationImages/sixth.jpg
26|9|../../../Resources/Images/AccommodationImages/seventh.jpg
27|16|../../../Resources/Images/AccommodationImages/fourth.jpg
28|6|../../../Resources/Images/AccommodationImages/third.jpg
29|21|../../../Resources/Images/AccommodationImages/fifth.jpg
30|23|../../../Resources/Images/AccommodationImages/first.jpg
